"","month","specific_humidity"
"1",1,0.00536835688928312
"2",2,0.00523754931055009
"3",3,0.00593357270752842
"4",4,0.00630722533572804
"5",5,0.00717564253136516
"6",6,0.00831264405595985
"7",7,0.00952857317910953
"8",8,0.00981677061116154
"9",9,0.00927365850657225
"10",10,0.00739116962067783
"11",11,0.00563981547020376
"12",12,0.00533681430388242
