"","age_group","severe_inf_total"
"1","0-17 years",35.578564
"2","18-49 years",216.184907333333
"3","50-64 years",120.84935
"4","65-74 years",133.20902
"5","75+ years",307.247773333333
