"","age_group","severity_0","severity_V_1","severity_V_2","severity_V_3","severity_V_4","severity_V_5","severity_V_6","severity_V_7","severity_V_8","severity_1","severity_2","severity_3","severity_4","severity_5","severity_6","severity_7","severity_8"
"1","0-17 years",1,0.439324579043438,0.401780291215099,0.38385394165751,0.372569443651548,0.362020309243945,0.382714219114209,0.432095881708526,0.484511715182664,0.161177038795112,0.147402992396391,0.140826269681743,0.136686273743317,0.132562956579935,0.128670223774464,0.124619482892003,0.120948039413467
"2","18-49 years",1,0.439324579043438,0.401780291215099,0.38385394165751,0.372569443651548,0.362020309243945,0.382714219114209,0.432095881708526,0.484511715182664,0.161177038795112,0.147402992396391,0.140826269681743,0.136686273743317,0.132562956579935,0.128670223774464,0.124619482892003,0.120948039413467
"3","50-64 years",1,0.451886251949664,0.413268454726007,0.394829534394355,0.383222377061727,0.371661981409286,0.372898737321951,0.419081458595224,0.469918564144505,0.165785597792077,0.151617708039922,0.144852936116381,0.140594564659507,0.136353348876367,0.132349310583914,0.128182746266068,0.124406324659126
"4","65-74 years",1,0.520945180069994,0.476425668264123,0.455168843939361,0.441787837899328,0.428460739832374,0.415878920440045,0.406621389059565,0.438780099247373,0.191121565929884,0.174788486872257,0.166989897486904,0.162080745956325,0.157191371892983,0.152575421661548,0.147772107576492,0.143418559254185
"5","75+ years",1,0.520945180069994,0.476425668264123,0.455168843939361,0.441787837899328,0.428460739832374,0.415878920440045,0.406621389059565,0.438780099247373,0.191121565929884,0.174788486872257,0.166989897486904,0.162080745956325,0.157191371892983,0.152575421661548,0.147772107576492,0.143418559254185
