"","age_group","severe_inf_total"
"1","0-17 years",148.244016666667
"2","18-49 years",636.869051333333
"3","50-64 years",584.910854
"4","65-74 years",706.68514
"5","75+ years",1671.88549
